id	nombre	seccion_label	artista	presupuesto_formateado	ciudad
274	Acàcies-Picaio	Sección 16	Xavi Herrero	3.000,00 €	València
262	Actor Mora-Constitució	Sección 16	Matías Almela Piqueras	3.250,00 €	València
208	Alacant	Sección 13	Santiago Parrado Dobón	4.130,00 €	València
42	Albacete-Marvà	Sección 2	Andreu Sánchez Hernández	10.010,00 €	València
79	Albereda-França	Sección 5	Alex López	8.500,00 €	València
98	Alberic-Heroi Romeu	Sección 6	Carlos Herrero Muria	7.300,00 €	València
202	Alcàsser-Iàtova	Sección 12	Clara Ruiz Barberá	4.500,00 €	València
95	Alemanya-El Batxiller	Sección 6	Alejandro Cano Hernández	7.500,00 €	València
276	Alfons el Magnànim-Nau-Bonaire	Sección 17	Art, Fusta i Foc	3.000,00 €	València
9	Almirall Cadarso-Comte d'Altea	Sección Especial	Vicente Gomar Vidal	30.000,00 €	València
133	Alqueries de Bellver-Garbí	Sección 8	Alejandro Arredondo Ortega	6.000,00 €	València
32	Andreu Piles Ivars-Salvador Tuset	Sección 2	Rafael Ibáñez Sánchez	14.000,00 €	València
366	Àngel Guimerà-Pintor Vila Prades	Fuera de concurso	La Comissió	2.000,00 €	València
301	Àngel Villena-Pintor Sabater	Sección 18	Víctor Navarro Granero	2.800,00 €	València
364	Antiga Senda de Senent-Albereda	Sección 22	La Comissió	1.000,00 €	València
34	Aras de Alpuente-Castell de Pop	Sección 2	Miriam García Sandemetrio	12.000,00 €	València
19	Arquebisbe Olaechea-Sant Marcel·lí	Sección 1	Rubén Moya	17.000,00 €	València
57	Arquitecte Alfaro-Francesc Cubells	Sección 3	Kuebien Valencia SLU	9.500,00 €	València
206	Arts i Oficis-Actor Llorens	Sección 12	Vicente Albert García	4.200,00 €	València
36	Arxiduc Carles-Músic Gomis	Sección 2	Borja Llorens Mata	12.000,00 €	València
51	Arxiduc Carles-Xiva	Sección 3	Manuel José Blanco Climent	9.900,00 €	València
168	Av.Jacinto Benavente-Regina Na Germana	Sección 10	Ferrán García Madero-Candelas	5.500,00 €	València
222	Avinguda Ausiàs March-Na Rovella	Sección 13	Víctor Caballero Gutiérrez	4.000,00 €	València
358	Avinguda Burjassot-Carretera de Paterna	Sección 22	Jorge A.Mas Martí	1.023,00 €	València
93	Avinguda Burjassot-Pare Carbonell	Sección 6	Ángel Navarro Requena	7.500,00 €	València
127	Avinguda Campanar-Hipòlit Rovira	Sección 8	Francisco Tarazona García	6.300,00 €	València
172	Avinguda de Burjassot-Joaquim Ballester	Sección 10	José Badía Roca	5.060,00 €	València
369	Avinguda de França-Alfred Toran i Olmos	Sección 3	Carlos Herrero Muria	10.000,00 €	València
71	Avinguda de l'Oest	Sección 4	Pamdenas (Francisco Tarazona)	8.800,00 €	València
223	Avinguda de la Plata-La Senyera	Sección 13	Juan Carlos Banacloy Cuevas	4.000,00 €	València
153	Avinguda de Valladolid-Enginyer Vicent Pichó	Sección 9	Laura Martínez Peralta	5.670,00 €	València
171	Avinguda Giorgeta-Roís de Corella	Sección 10	Rubén Canet Burillo	5.125,00 €	València
163	Avinguda l'Equador-Alcalde Gurrea	Sección 10	Emilio Tamarit Simón	5.500,00 €	València
8	Avinguda Malva-Rosa-Antoni Ponz-Cavite	Sección Especial	Xavier Gurrea Belenguer	31.000,00 €	València
128	Avinguda Mestre Rodrigo-General Avilés	Sección 8	Rubén Canet Burillo	6.300,00 €	València
277	Avinguda Pérez Galdós-Calixt III	Sección 17	Daniel Salvador Esteve	3.000,00 €	València
130	Avinguda Peris i Valero-Cuba	Sección 8	Rodrigo Nuñez López	6.100,00 €	València
259	Avinguda Pianista Martínez Carrasco-Eslida	Sección 16	Fet d´encàrrec	3.300,00 €	València
146	Avinguda Poeta García Lorca-Oltà	Sección 9	Sergio Sánchez García	6.000,00 €	València
189	Avinguda Portugal-Fragata	Sección 11	Rafael Vilches	4.995,00 €	València
169	Avinguda Primat Reig-Sant Vicent de Paül	Sección 10	Vicente Domínguez Pérez	5.200,00 €	València
309	Avinguda Primat Reig-Vinaròs	Sección 18	Alejandro Cano Hernández	2.500,00 €	València
105	Avinguda Regne de València-Ciscar	Sección 6	Francisco Tarazona García	7.000,00 €	València
28	Avinguda Regne de València-Duc de Calàbria	Sección 2	Carlos Carsí García	14.500,00 €	València
148	Avinguda Regne de València-Mestre Serrano	Sección 9	Sevior & Priol Arts	5.800,00 €	València
107	Avinguda Regne de València-Sant Valer	Sección 7	David Mourelle Nicolás	7.000,00 €	València
257	Avinguda Tarongers-Universitat Politècnica	Sección 15	Vicente Julián García Pastor	3.300,00 €	València
382	Avinguda.Burjassot-Serra d'Agullent	Sección 20	Manolo García Vareta	2.000,00 €	València
174	Azcàrraga-Ferran el Catòlic	Sección 11	Enrique Nuñez Nuñez	5.000,00 €	València
255	Bailén-Xàtiva	Sección 15	Paco y David	3.300,00 €	València
359	Baix-Mesó de Morella	Sección 22	Vicente Domínguez	1.014,00 €	València
159	Baró de Patraix-Conca	Sección 10	Laia Nuñez Porcar	5.500,00 €	València
103	Baró de San Petrillo-Leonor Jovani	Sección 6	Pepe Gómez Olmos	7.000,00 €	València
258	Barraca-Columbretes	Sección 15	Fusta i Cartó S.L.	3.300,00 €	València
177	Barraca-Església del Rosari	Sección 11	Lorenzo Fandos Ayoro	5.000,00 €	València
370	Barraca-Espadà	Sección 3	Alejandro López Sánchez	9.997,00 €	València
30	Barri Beteró	Sección 2	Sergio Gómez Ferrer	14.000,00 €	València
69	Barri de La Llum	Sección 4	Alex Estarlich Fortea	8.950,00 €	València
87	Barri de Sant Isidre	Sección 5	Pepe Gómez Olmos	8.000,00 €	València
125	Barri de Sant Josep	Sección 8	Loren y Sergio Fandos	6.300,00 €	València
184	Barri Quint-Pizarro	Sección 11	Alex Martínez	5.000,00 €	València
183	Benicadell-Sant Roc	Sección 11	Fernando Martínez Hernández	5.000,00 €	València
326	Benimodo-Enginyer Dicenta	Sección 19	Antonio Sales	2.250,00 €	València
89	Bilbao-Maximilià Thous	Sección 5	Adrián Ballesteros Rubio	7.900,00 €	València
47	Bisbe Jaume Pérez-Lluís Oliag	Sección 3	Andreu Sánchez Hernández	10.000,00 €	València
352	Blanqueries	Sección 21	Javier Guillermo Gómez Gil	1.500,00 €	València
13	Blas Gámez - Ángel Villena	Sección Especial	Fran Tarazona	23.000,00 €	València
367	Blasco Ibáñez-Mestre Ripoll	Fuera de concurso	La Comissió	300,00 €	València
61	Blocs Platja	Sección 4	Víctor Hugo Giner Blasco	9.000,00 €	València
380	Borrull-Socors	Sección 18	Paco Ribes	2.666,00 €	València
303	Borrull-Túria	Sección 18	La Comissió	2.500,00 €	València
154	Bosseria-Tossal	Sección 9	Juan Carlos Banacloy Cuevas	5.500,00 €	València
200	Cadis-Dénia	Sección 12	Rubén Canet Burillo	4.500,00 €	València
92	Cadis-Els Centelles	Sección 6	Alejandro López Sánchez	7.500,00 €	València
190	Cadis-Literat Azorín	Sección 11	Toni Ramos Asensi	4.950,00 €	València
215	Cadis-Mossén Femenia-Puerto Rico	Sección 13	Nerea Duro Gómez	4.000,00 €	València
260	Calvo Acacio	Sección 16	Vicente Espeleta García	3.250,00 €	València
304	Camí d'Alba-Castell de Cullera	Sección 18	David Zahonero y Paco Cuadros	2.500,00 €	València
272	Camí de Barcelona- Camí de Montcada	Sección 16	Javier Bonilla Silvestre	3.000,00 €	València
144	Camí de Montcada-Pintor Jacomart	Sección 9	Pepe Sales	6.000,00 €	València
20	Camí Nou de Picanya-Nicolau Primitiu	Sección 1	Ángel Navarro Requena	17.000,00 €	València
185	Campament-La Iessa	Sección 11	Álvaro Dutrús Montes	5.000,00 €	València
268	Carabasses-En Gall	Sección 16	Alejandro Cano Hernández	3.000,00 €	València
330	Carcaixent-Compromís de Casp	Sección 20	Alejandro Cano Hernández	2.200,00 €	València
35	Carrera de Malilla-Enginyer J. Benlloch	Sección 2	Salvador Dolz Rubio	12.000,00 €	València
39	Carrera de Malilla-Illa Cabrera	Sección 2	Fran Tarazona (Pam de Nas)	11.000,00 €	València
96	Carrera de Sant Lluís-Avinguda Dr.Waksman	Sección 6	Daniel López Iglesias	7.500,00 €	València
224	Carrera de Sant Lluís-Rafael Albiñana	Sección 13	Clara Ruiz Barberá	4.000,00 €	València
305	Carretera d'Escrivà-Coop. de Sant Ferran	Sección 18	Antonio Ramos Asensi	2.500,00 €	València
187	Carters-Litògraf Pasqual i Abad	Sección 11	José Francisco Espinosa Pérez	5.000,00 €	València
331	Cases de Bàrcena	Sección 20	Álvaro Dutrus Montes	2.200,00 €	València
112	Castelló-Sogorb	Sección 7	Francisco Fons Castillo	7.000,00 €	València
205	Castielfabib-Marqués de Sant Joan	Sección 12	Agustín Torralba Soto	4.400,00 €	València
267	Cedre-Explorador Andrés	Sección 16	Clara Ruiz Barberá	3.100,00 €	València
40	Ceramista Ros-Josep Maria Mortes Lerma	Sección 2	Nanoarts	11.000,00 €	València
115	Cervantes-Pare Jofré	Sección 6	Paco Martínez	7.000,00 €	València
4	Ciscar-Borriana	Sección Especial	Joan Sáez Blanch	38.000,00 €	València
294	Ciutat de Córdova-Vicent Tomàs Martí	Sección 17	David Sanruperto Pérez	3.000,00 €	València
182	Ciutat de l'Artista Faller	Sección 11	Manolo García Lleonart	5.000,00 €	València
7	Comte de Salvatierra-Ciril Amorós	Sección Especial	Borja Lorente -Cartó Pedra	36.000,00 €	València
237	Conchita Piquer-Monestir de Poblet	Sección 14	Alejandro Cano Hernández	3.500,00 €	València
50	Conserva-Berenguer Mallol	Sección 3	Salvador Dolz Rubio	9.900,00 €	València
2	Convent de Jerusalem-Matemàtic Marzal	Sección Especial	José Gallego Gallego	60.000,00 €	València
269	Corretgeria-Bany dels Pavesos	Sección 16	José Luis Platero Cosi	3.000,00 €	València
175	Costa i Borràs-Agustina d'Aragó	Sección 11	Erika Mateo Martínez	5.000,00 €	València
204	Creu i Mislata	Sección 12	Alejandro Cano Hernández	4.400,00 €	València
63	Cristòfol Sorní-Mestre Ferran Martí	Sección 4	Kuebien Valencia SLU	9.000,00 €	València
135	Cuba-Buenos Aires	Sección 8	Cristian García Carrasco	6.000,00 €	València
212	Cuba-Dénia	Sección 13	Xavi Ureña Rodenes	4.000,00 €	València
26	Cuba-Literat Azorín	Sección 2	Gonzalo Rojas Rodríguez	14.500,00 €	València
99	Cuba-Puerto Rico	Sección 6	Alejandro López Sánchez	7.000,00 €	València
162	Cuenca Tramoyeres-La Guàrdia Civil	Sección 10	Enrique Núñez Núñez	5.500,00 €	València
295	Dalt-Sant Tomàs	Sección 18	Antonio Benavente Alcaina	2.500,00 €	València
308	Daroca-Pare Viñas	Sección 18	Álvaro Guija Moreno	2.500,00 €	València
293	Doctor Álvaro López-Sant Joan de Déu	Sección 17	Adrián Ballesteros Rubio	3.000,00 €	València
179	Doctor Domingo Orozco-Bailén	Sección 11	Sergio Carrero Melián	5.000,00 €	València
197	Doctor Gil i Morte-Doctor Vila Barberà	Sección 12	Santiago Muñoz Girón	4.500,00 €	València
192	Doctor Gómez Ferrer	Sección 12	Adrián Alcaraz Grao	4.950,00 €	València
193	Doctor Joan Josep Dómine-Port	Sección 12	Fet d´encàrrec	4.900,00 €	València
296	Doctor Manuel Candela-Avinguda del Port	Sección 18	Sergio Rodríguez Pons	2.500,00 €	València
376	Doctor Manuel Candela-Beatriz Tortosa	Sección 12	Andreu Sánchez Hernández	4.500,00 €	València
121	Doctor Marañón-Mestre Palau	Sección 7	Alejandro Cano Hernández	6.890,00 €	València
166	Doctor Olóriz-Arquebisbe Fabián i Fuero	Sección 10	Salvador Ferrís Cerveró	5.300,00 €	València
238	Doctor Peset Aleixandre-En Guillem Ferrer	Sección 14	Vicente Albert García	3.500,00 €	València
196	Doctor Sanchis Bergón-Túria	Sección 12	Ferran García Madero-Candelas	4.500,00 €	València
37	Doctor Serrano-Carles Cervera-Clero	Sección 2	Ausias Estrugo Maño	11.000,00 €	València
119	Dr. García Brustenga - Vicente Barrera Cambra	Sección 7	Jesús Liñana Ferrando	7.000,00 €	València
5	Duc de Gaeta-La Pobla de Farnals	Sección Especial	Mario Pérez	37.000,00 €	València
292	Embarcador-Historiador Betí	Sección 17	Iván Gómez Villalba	3.000,00 €	València
278	En Plom-Guillem de Castro	Sección 17	Juan Alberto Navarro Guijarro	3.000,00 €	València
338	En Sendra-Plaça Coll	Sección 20	Creaciones Zazu	2.100,00 €	València
311	Enginyer Josep Sirera-Pius IX	Sección 19	Nerea Duro Gómez	2.500,00 €	València
73	Enginyer Manuel Maese-Cristóbal Llorens	Sección 4	Salvador Dolz Rubio	8.600,00 €	València
147	Enginyer Manuel Soto - Avinguda França	Sección 9	Jorge Gil Sapiña	6.000,00 €	València
343	Escalante-Empar Guillén	Sección 20	Roberto Climent Cremades	2.000,00 €	València
198	Escalante-Marina	Sección 12	Alejandro Arredondo Ortega	4.500,00 €	València
319	Escultor García Mas-Puerto de Santa María	Sección 19	Arturo Valles Bea	2.250,00 €	València
46	Espartero-Mestre Plasencia	Sección 3	Javier Álvarez- Sala Salinas	10.300,00 €	València
1	Espartero-Ramón y Cajal	Sección Especial	Zvonimir Ostoic	75.000,00 €	València
315	Evarist Bas-Cullera	Sección 19	La Comissió	2.450,00 €	València
10	Exposició-Misser Mascó	Sección Especial	Gonzalo Rojas Rodríguez	30.000,00 €	València
217	Felipe Bellver-Mare Ràfols	Sección 13	Fran Santonja- Arte Efímero SL	4.000,00 €	València
126	Fèlix Pizcueta-Ciril Amorós	Sección 8	Xaume Torrent Arenas	6.300,00 €	València
140	Fermín Galán i García Hernández-Primavera	Sección 8	Francisco Martínez Heredia	6.000,00 €	València
120	Ferran el Catòlic-Àngel Guimerà	Sección 7	Noel Hervás García	6.930,00 €	València
264	Ferran el Catòlic-Erudit Orellana	Sección 16	Vicente Julián García Pastor	3.150,00 €	València
72	Ferros-Joan Baptista Perales	Sección 4	Emilio Tamarit Simón	8.600,00 €	València
291	Fontcalent-Lebon	Sección 17	Pascual Montes Carrasco	3.000,00 €	València
43	Fra J. Rodríguez-Pintor Cortina	Sección 2	Carlos Herrero Muria	10.000,00 €	València
110	Francesc Climent-L'Uruguai	Sección 7	Manuel Pons Ferrer	7.000,00 €	València
176	Frederic Mistral-Murta	Sección 11	Francisco Martínez Heredia	5.000,00 €	València
6	Gayano Lluch	Sección Especial	Raúl García Pertusa	37.000,00 €	València
74	General Llorens	Sección 4	Vicente Domínguez Pérez	8.500,00 €	València
104	General Pando-Serrano Flores	Sección 6	Xaume Torrent Arenas	7.000,00 €	València
81	Glòria-Felicitat-El Tremolar	Sección 5	Álvaro Guija Moreno	8.250,00 €	València
350	Gonzalo Tejero Langarita - Vte Chuliá Campos	Sección 21	José Arocas Fernández	2.000,00 €	València
203	Goya-El Brasil	Sección 12	Juan Martí Martínez	4.488,00 €	València
29	Gravador Esteve-Ciril Amorós	Sección 2	Rubén Arcos Martí	14.300,00 €	València
244	Gravador Jordán-Escultor Pastor	Sección 15	Santa Eulalia	3.500,00 €	València
248	Grup de Peixcadors del Perellonet	Sección 15	Fernando López Cabañero	3.500,00 €	València
138	Grups Mare de Déu del Carme	Sección 8	Francisco Fuentes Moremo	6.000,00 €	València
226	Guardacostes-Músic Jarque Cualladó	Sección 14	Víctor Caballero Gutiérrez	4.000,00 €	València
320	Guillem de Castro-Triador	Sección 19	Celso Sierra Barberá	2.200,00 €	València
317	Guillem Sorolla-Recaredo	Sección 19	Santiago Parrado	2.300,00 €	València
261	Hellín-Pere de Luna	Sección 16	Tedi Chichanova	3.200,00 €	València
332	Hernández Lázaro-Vall de la Ballestera	Sección 20	Isidro Martínez Aparicio	2.200,00 €	València
347	Hort de Sant Valer-Avinguda de la Plata	Sección 21	Mon de Color	2.000,00 €	València
178	Humanista Mariner-Manuel Simó	Sección 11	Alejandro Martínez Fernández	5.000,00 €	València
234	Iecla-Cardenal Benlloch	Sección 14	Andreu Sánchez Hernández	3.630,00 €	València
67	Illes Canàries-Dama d'Elx	Sección 4	José Luis Gómez Olmos	9.000,00 €	València
54	Illes Canàries-Trafalgar	Sección 3	Francisco Tarazona García	9.600,00 €	València
62	Indústria-Sants Just i Pastor	Sección 4	Javier Rico Catalá	9.000,00 €	València
201	Isaac Peral-Méndez Núñez	Sección 12	Barraques Art	4.500,00 €	València
149	Isaac Peral-Misser Mascó	Sección 9	Miguel March Azor	5.750,00 €	València
213	Isabel de Villena-Gregorio Gea	Sección 13	Adrián Ballesteros Rubio	4.000,00 €	València
44	Isabel la Catòlica-Ciril Amorós	Sección 3	Pepe Gómez Olmos	10.600,00 €	València
314	Jacint Labaila-Manuel Simó	Sección 19	Arturo Vallés Bea	2.450,00 €	València
49	Jerónima Galés-Litògraf Pascual i Abad	Sección 3	Tracatart S. L	10.000,00 €	València
349	Jesús Morante Borrás-Caminot (La Punta)	Sección 21	Ricard Balanzà Martínez	2.000,00 €	València
27	Jesús-Sant Francesc de Borja	Sección 2	José Fuster García	14.500,00 €	València
342	Joan Baptista Vives	Sección 20	David Zahonero del Fresno	2.000,00 €	València
83	Joan d'Aguiló-Gaspar Aguilar	Sección 5	Jaime Torrent Arenas	8.000,00 €	València
38	Joaquim Costa-Borriana	Sección 2	David Ojeda Amorós	11.000,00 €	València
11	Joaquim Costa-Comte d'Altea	Sección Especial	Ausias Estrugo Maño	25.000,00 €	València
306	Joaquim Navarro-Carrícola	Sección 18	Xaume Torrent Arenas	2.500,00 €	València
194	Josep Benlliure-Teatre de la Marina	Sección 12	Vicente Domínguez	4.700,00 €	València
263	Josep Benlliure-Vicent Guillot	Sección 16	Antonio Benavente Alcaina	3.200,00 €	València
307	Josep Maestre	Sección 18	Iván Gómez Villalba	2.500,00 €	València
229	Josep Maria Bayarri-Los Isidros	Sección 14	Francisco Javier Soriano Gimeno	4.000,00 €	València
253	Josep Maria Haro-Poeta Mas i Ros	Sección 15	Rubén Vela Romero	3.498,00 €	València
246	Josep Soto Micó-Síndic Mocholí	Sección 15	Mon de Color	3.500,00 €	València
52	Just Vilar-Mercat del Cabanyal	Sección 3	Vicente Domínguez Pérez	9.800,00 €	València
312	L'Alcota-Sagunt	Sección 19	Cristian García Carrasco	2.500,00 €	València
33	L'Alguer-Enginyer Rafael Janini	Sección 2	Tedi Chichanova	13.000,00 €	València
58	L'Eliana-El Cid	Sección 3	José Manuel Feliu Superarte	9.500,00 €	València
218	La Pobla del Duc-Benipeixcar	Sección 13	Ramón Lemos Sierra	4.000,00 €	València
348	La Vall d'Albaida-La Canal de Navarrés	Sección 21	Arturo Vallés Bea	2.000,00 €	València
132	La Vall de Laguar-Pare Ferris	Sección 8	Xavi Bonilla	6.000,00 €	València
374	Lepant-En Joan d'Àustria	Sección 9	Rubén Canet Burillo	5.800,00 €	València
289	Lepant-Guillem de Castro	Sección 17	Fet d´encàrrec	3.000,00 €	València
75	Llanterna-Na Rovella-Avinguda de l’Oest	Sección 5	Carlos Herrero Muria	8.500,00 €	València
161	Lleons-Poeta Mas i Ros	Sección 10	Juanfran Jesús Ortíz	5.500,00 €	València
371	Llibertat-Teodor Llorente	Sección 6	Rodrigo Núñez	7.200,00 €	València
336	Llorers-Arquitecte Lucini	Sección 20	Isidro Martínez Aparicio	2.200,00 €	València
210	Lluís Lamarca-Velázquez	Sección 13	Sacabutxart	4.000,00 €	València
341	Lluís Oliag-Mariola-Granada	Sección 20	Tedi Chichanova	2.000,00 €	València
60	Lo Rat Penat	Sección 4	Alejandro Rubio Capella	9.005,00 €	València
337	Luz Casanova-Pare Espasa	Sección 20	Vicente Espeleta García	2.150,00 €	València
106	Major-Moraira-Natzaret	Sección 7	Servior &Priol Arts	7.000,00 €	València
321	Màlaga-Doctor Montoro	Sección 19	Carlos Carsí García	2.200,00 €	València
316	Manuel Arnau-La Creu Coberta	Sección 19	Manuel Pons Ferrer	2.310,00 €	València
160	Manuel de Falla-Tamarindes	Sección 10	Ángela Grau González	5.500,00 €	València
188	Manuel Melià i Fuster-Carles Cortina	Sección 11	Manuel García Lleonart	5.000,00 €	València
313	Manuel Melià i Fuster-María Fernanda D'Ocón	Sección 19	Pablo Andreu González	2.500,00 €	València
118	Mare de Déu de la Cabeça-J.M. Mortes Lerma	Sección 7	Ferrán García Madero-Candelas	7.000,00 €	València
280	Mare de Déu de la Fontsanta	Sección 17	Mónica López Gonzales	3.000,00 €	València
117	Marià Benlliure-Séquia de Tormos	Sección 7	Carlos Herrero Muria	7.000,00 €	València
345	Maria Ros-Manuel Iranzo	Sección 21	Paco y David S.L	2.000,00 €	València
383	Maria Ros-Sant Tomàs	Sección 20	José Antonio Marco Gómez	2.000,00 €	València
339	Marqués de Caro-Doctor Chiarri	Sección 20	Xavi Bonilla	2.000,00 €	València
265	Marqués de Lozoya-P.Josep Cervera i Grifol	Sección 16	Fallas i Fogueres Paco y David	3.150,00 €	València
100	Marqués de Montortal-Berní i Català	Sección 6	Xaume Torrent Arenas	7.000,00 €	València
101	Marqués de Montortal-Josep Esteve	Sección 6	Xavier Gurrea Belenguer	7.000,00 €	València
167	Marqués de Solferit	Sección 10	Francisco Javier Sierra Alarcón	5.250,00 €	València
109	Maties Perello-Lluís de Santàngel	Sección 7	José Campillo Quiles	7.000,00 €	València
141	Mendizábal	Sección 8	Vicente Domínguez Pérez	6.000,00 €	València
372	Menéndez y Pelayo-Avinguda Catalunya	Sección 6	Daniel López Iglesias	7.150,00 €	València
325	Menorca-Lluís Bolinches	Sección 19	Francisco Dauver Estopiña	2.000,00 €	València
145	Mercat de Castella	Sección 9	David Ojeda Amorós	6.000,00 €	València
273	Mestre Aguilar-Maties Perelló	Sección 16	Eliot García Martín	3.000,00 €	València
78	Mestre Arambul Sanz-Campanar	Sección 5	Javier Álvarez-Salas Salinas	8.500,00 €	València
214	Mestre Bellver-Marià Ribera	Sección 13	Rubén Canet Burillo	4.000,00 €	València
3	Mestre Gozalbo-Comte d'Altea	Sección Especial	Sergio Alcañiz Valiente	38.000,00 €	València
302	Mestre Lope-Josep Carsí	Sección 18	Fallas Espeleta	2.700,00 €	València
363	Mestre Serrano-Alacant	Sección 22	Roberto Climent Cremades	1.000,00 €	València
275	Mestre Valls-Marí Albesa	Sección 16	Rubén Vela Romero	3.000,00 €	València
254	Ministre Luis Mayans-Argenter Suárez	Sección 15	José Luis Platero Cosí	3.400,00 €	València
324	Misser Rabassa-Poeta Maragall	Sección 19	Amparo Ordaz Ceballos	2.000,00 €	València
22	Molinell-Alboraia	Sección 1	Rubén Canet Burillo	14.500,00 €	València
48	Monestir de Poblet-Aparicio Albiñana	Sección 3	Zvonimir Ostoic	10.000,00 €	València
219	Mont de Pietat	Sección 13	J.J. García	4.000,00 €	València
90	Montortal-Torrefiel	Sección 5	Imaginarte	7.700,00 €	València
378	Mossén Josep Cuenca-Pinedo	Sección 15	Manuel José Blanco Climent	3.500,00 €	València
318	Mossén Sorell-Corona	Sección 19	Manuel Martín Huguet	2.255,00 €	València
328	Murillo-Palomar	Sección 20	Celso Sierra Barberá	2.200,00 €	València
298	Músic Espí-Gravador Fabregat	Sección 18	Pepe Gómez Olmos	2.900,00 €	València
55	Na Jordana	Sección 3	José Luis Platero Cosi	9.500,00 €	València
216	Nador-Miraculosa	Sección 13	Eliot García Martín	4.000,00 €	València
142	Nàquera-Lauri Volpi	Sección 7	Santiago Muñoz Girón	6.000,00 €	València
221	Nord-Doctor Zamenhoff	Sección 13	Art, Fusta i Foc	4.000,00 €	València
225	Norman Bethune - Guillem Despuig	Sección 14	Vidal Garrido Gavidia	4.000,00 €	València
113	Olivereta-Cerdà i Rico	Sección 7	Juan Carlos Banacloy Cuevas	7.000,00 €	València
230	Oltà-Juan Ramón Jiménez	Sección 14	Art, Fusta i Foc	3.850,00 €	València
139	Palleter-Erudit Orellana	Sección 8	Miguel Hache	6.000,00 €	València
290	Pare Alegre-Enric Navarro	Sección 17	Javier Rico Catalá	3.000,00 €	València
158	Pare Domènech-Avinguda Pius XII	Sección 10	Art de Foc	5.500,00 €	València
335	Pare Lluís Navarro-Remunta	Sección 20	La Comissió	2.200,00 €	València
129	Pare Santonja-Cardenal Benlloch	Sección 8	Juan José Salom Díaz	6.100,00 €	València
288	Pare Viñas-Agustín Lara	Sección 17	Pau Vicente Belda	3.000,00 €	València
170	Pelai-Matemàtic Marzal	Sección 10	El Taller de J de Juanes, S.L.	5.170,00 €	València
344	Pere Cabanes-Comte de Lumiares	Sección 21	David Sanruperto Pérez	2.000,00 €	València
150	Pere Cabanes-Joan XXIII	Sección 9	Santiago Muñoz Girón	5.750,00 €	València
361	Pérez Galdós-Jesús-Mestre Sosa	Sección 22	Marcos Robles Zapata	1.000,00 €	València
77	Periodista Gil Sumbiela-Assutzena	Sección 5	Kuebien Valencia SLU	8.500,00 €	València
82	Peu de La Creu-En Joan de Vila-Rasa	Sección 5	David Mourelle Nicolás	8.000,00 €	València
116	Pi i Margall-Arturo Cervellera	Sección 7	Víctor Caballero Gutiérrez	7.000,00 €	València
329	Pintor Domingo-Guillem de Castro	Sección 20	Franciso Ribes López	2.200,00 €	València
59	Pintor Maella-Avinguda França-Menorca	Sección 3	David Mourelle Nicolás	9.500,00 €	València
165	Pintor Pasqual Capuz-Fontanars	Sección 10	Jesús Liñana Ferrando	5.400,00 €	València
209	Pintor Salvador Abril-Pere III El Gran	Sección 13	Sergio Gómez Ferrer	4.010,00 €	València
94	Pintor Salvador Abril-Peris i Valero	Sección 6	Jose Manuel Feliu-Superarte	7.500,00 €	València
373	Pintor Stolz-Burgos	Sección 9	Daniel López Iglesias	6.000,00 €	València
53	Pius XI-Fontanars	Sección 3	David Ojeda Amorós	9.750,00 €	València
353	Pius XII-Jaume Roig	Sección 21	La Comissió	1.500,00 €	València
18	Pizarro-Ciril Amorós	Sección 1	Zvonimir Ostoic	19.990,00 €	València
14	Plaça Bisbe Amigó-Conca	Sección 1	Gonzalo Gabriel Rojas Rodríguez	22.300,00 €	València
220	Plaça d'Espanya-Ramón y Cajal-Pintor Benedito	Sección 13	Enrique Nuñez Nuñez	4.000,00 €	València
300	Plaça de l'Àngel	Sección 18	Fet d'Encárrec	2.800,00 €	València
270	Plaça de l'Arbre	Sección 16	Miguel Hache	3.000,00 €	València
249	Plaça de la Moreria	Sección 15	Toni Ramos Asensi	3.500,00 €	València
108	Plaça de la Tenda	Sección 7	Salvador Ferrís Cerveró	7.000,00 €	València
233	Plaça del Negret	Sección 14	Lorenzo Fandos Ayoro	3.750,00 €	València
23	Plaça del Pilar	Sección 1	Cromatiq Estudio Sociedad Civil	14.000,00 €	València
346	Plaça del Poble.-Sant Roc	Sección 21	Cristian García Carrasco	2.000,00 €	València
322	Plaça del Pouet	Sección 19	Vicente Albert García	2.200,00 €	València
362	Plaça Doctor Berenguer Ferrer	Sección 22	Joserra Lisarde	1.000,00 €	València
122	Plaça Doctor Collado	Sección 7	Teo Chichanova	6.500,00 €	València
351	Plaça Hondures	Sección 21	José Luis Platero Cosi	1.500,00 €	València
379	Plaça Jesús	Sección 15	Rocío Harriero Montesinos	3.500,00 €	València
236	Plaça La Creu -Els Àngels	Sección 14	Xavi Bonilla	3.500,00 €	València
134	Plaça Lluís Cano	Sección 8	Xaume Torrent Arenas	6.000,00 €	València
152	Plaça Lope de Vega	Sección 9	José Luis Gómez Olmos	5.681,50 €	València
70	Plaça Mare de Déu de Lepant	Sección 4	Francisco Hidalgo Guillamón	8.900,00 €	València
124	Plaça Mercat Central	Sección 8	Joaquín Rubio Yáñez	6.360,00 €	València
65	Plaça Mercat de Montolivet	Sección 4	Andreu Sánchez Hernández	9.000,00 €	València
231	Plaça Mercat de Russafa	Sección 14	Eliot García Martín	3.800,00 €	València
64	Plaça Mercé	Sección 4	Art En Foc	9.000,00 €	València
354	Plaça Mossén Milà	Sección 21	Vicente Albert García	1.300,00 €	València
243	Plaça Patraix	Sección 15	Vicente Julián García Pastor	3.500,00 €	València
356	Plaça Pere María Orts i Bosch	Sección 21	Francisco Hidalgo Guillamón	1.050,00 €	València
91	Plaça Pintor Segrelles	Sección 6	Javier Álvarez-Sala Salinas	7.502,00 €	València
286	Plaça Rojas Clemente	Sección 17	Vicente Julián García Pastor	3.000,00 €	València
195	Plaça Sant Bult	Sección 12	Superarte	4.500,00 €	València
297	Plaça Sant Joan	Sección 18	Artixavi	2.500,00 €	València
173	Plaça Sant Miquel-Vicent Iborra	Sección 11	Marta Póvez López	5.000,00 €	València
357	Plaça Santa Creu	Sección 22	Francisco Javier Ribes López	1.060,00 €	València
68	Plaça Segòvia-Avinguda Doctor Tomàs Sala	Sección 4	Emilio Tamarit Simón	9.000,00 €	València
282	Plaça Sequiota-El Palmar	Sección 17	Creaciones Zazu	3.000,00 €	València
355	Plaça Vicent Castell Maíques	Sección 21	Ramón Lemos Sierra	1.100,00 €	València
86	Poeta Alberola-Totana	Sección 5	Roberto Moratalla Gómez	8.000,00 €	València
279	Poeta Altet-Benicarló	Sección 17	José Antonio Marco Gómez	3.000,00 €	València
207	Poeta Asins-Alegret-Puçol	Sección 13	Sergio Carrero Melián	4.180,00 €	València
111	Poeta Emili Baró-Enric Ginesta	Sección 7	Juanjo Salom Díaz	7.000,00 €	València
25	Poeta Llorente	Sección 1	Ernesto Cimas Ribera	11.550,00 €	València
365	Poetes Anònims-Real de Gandia	Sección 22	La Comissió	980,00 €	València
284	Polo y Peyrolón-Ciutat de Mula	Sección 17	Mario N. Núñez Hernández	3.000,00 €	València
266	Portal de la Valldigna-Salines	Sección 16	Álvaro Guija Moreno	3.100,00 €	València
84	Progrés-Teatre de la Marina	Sección 5	Salvador Dolz Rubio	8.000,00 €	València
181	Puebla de Valverde-II República Espanyola	Sección 11	Alfredo Villena López	5.000,00 €	València
114	Quart Extramurs-Velázquez	Sección 7	Enrique Núñez Núñez	7.000,00 €	València
155	Quart-Palomar	Sección 9	Rubén Canet Burillo	5.500,00 €	València
327	Quart-Túria	Sección 19	Rafael Vilches	2.211,00 €	València
66	Ramiro de Maeztu-Els Lleons	Sección 4	El Talleret O.C.	9.000,00 €	València
76	Ramiro de Maeztu-Humanista Furió	Sección 5	Daniel Campillo Quiles	8.500,00 €	València
151	Ramon de Rocafull-Comte d'Alaquàs	Sección 9	Salvador Dolz Rubio	5.700,00 €	València
12	Reina-Pau-Sant Vicent	Sección Especial	Ceballos y Sanabria	24.000,00 €	València
256	Reina-Vicent Guillot	Sección 15	Ramón Lemos Sierra	3.300,00 €	València
287	República Argentina-Doctor Pallarés Iranzo	Sección 17	David Zahonero del Fresno	3.000,00 €	València
17	Ribera-Convent de Santa Clara	Sección 1	Javier Álvarez-Sala Salinas	20.000,00 €	València
240	Ripalda-Beneficència-Sant Ramon	Sección 14	Reyes Pe	3.500,00 €	València
250	Ripalda-Soguers	Sección 15	Fet d´encàrrec	3.500,00 €	València
247	Riu Bidasoa-Comte de Torrefiel	Sección 15	Cristian García Carrasco	3.500,00 €	València
252	Riu Segura-Forn d'Alcedo	Sección 15	Jordi Palanca Marqués	3.500,00 €	València
310	Riu Tajo-Cavite	Sección 19	Francisco Fuentes Moreno	2.500,00 €	València
143	Rodríguez de Cepeda-Llorenç Palmireno	Sección 9	El Talleret	6.000,00 €	València
199	Rosari-Plaça Calabuig	Sección 12	Carlos Carsí García	4.500,00 €	València
285	Rubén Darío-Fra Lluís Colomer	Sección 17	Andreu Sánchez Hernández	3.000,00 €	València
251	Rubén Vela-Avinguda Doctor Waksman	Sección 15	Alejandro Martínez Fernández	3.500,00 €	València
232	S. Josep de Pignatelli-Dr.Peset Aleixandre	Sección 14	Rubén Canet Burillo	3.800,00 €	València
156	Sagunt-Sant Antoni-Pare Urbano	Sección 9	Ana Duró I Adrián Ballesteros	5.500,00 €	València
239	Sagunt-Sant Guillem	Sección 14	Mario N. Núñez Hernández	3.500,00 €	València
381	Saineter Arniches-Arquitecte Ribes	Sección 18	Santiago Parrado	2.550,00 €	València
97	Salamanca-Comte d'Altea	Sección 6	Vicente Domínguez Pérez	7.300,00 €	València
283	Salvador Giner-Gregori Gea	Sección 17	Jordi Palanca Marqués	3.000,00 €	València
377	Sant Antoni	Sección 12	Javier Álvarez-Sala Salinas	4.500,00 €	València
137	Sant Ignasi de Loiola-Jesús i Maria	Sección 8	Ángela Grau González	6.000,00 €	València
235	Sant Joan Bosco-Duc de Mandas	Sección 14	Rubén Vela Romero de Ávila	3.600,00 €	València
80	Sant Josep de la Muntanya-Terol	Sección 5	José Fuster García	8.490,00 €	València
136	Sant Pere-Mare de Déu de la Vallivana	Sección 8	Salvador Dolz Rubio	6.000,00 €	València
242	Sant Rafael-Antón Martín	Sección 14	Miguel March Azor	3.500,00 €	València
186	Sant Vicent de Paül-Dip. Clara Campoamor	Sección 11	Vicente Julián García Pastor	5.000,00 €	València
85	Sant Vicent Màrtir-Pianista Empar Iturbi	Sección 5	Rubén Canet Burillo	8.000,00 €	València
45	Sant Vicent-Marvà	Sección 3	José Fuster García	10.500,00 €	València
41	Sant Vicent-Periodista Azzati	Sección 2	Santiago Muñoz Girón	10.600,00 €	València
191	Santa Cruz de Tenerife	Sección 12	Salvador Aguilella Moreno	4.950,00 €	València
16	Santa Genoveva Torres-Arquitecte Tolsà	Sección 1	Miriam García Sandemetrio	21.000,00 €	València
21	Santa Maria Micaela-Martí l'Humà	Sección 1	Miguel Hache	15.000,00 €	València
228	Santiago Rusiñol-Comte de Lumiares	Sección 14	David Guzmán Quiles	4.000,00 €	València
375	Sants Just i Pastor-Serradora	Sección 10	Alejandro Cano Hernández	5.500,00 €	València
56	Sapadors-Vicent Lleó	Sección 3	Ángel Navarro Requena	9.500,00 €	València
241	Sèneca-Iecla	Sección 14	Georgina Torres García	3.500,00 €	València
334	Sèneca-Poeta Mas i Ros	Sección 20	Roberto Climent Cremades	2.200,00 €	València
299	Senent Ibáñez-Massarrojos	Sección 18	Isidro Martínez Aparicio	2.850,00 €	València
180	Serra Martés-Miguel Servet	Sección 11	Laia Boheme	5.000,00 €	València
24	Serrans-Plaça Els Furs	Sección 1	David Ojeda Amorós	14.000,00 €	València
340	Sevilla-Dénia	Sección 20	Rubén Canet Burillo	2.000,00 €	València
15	Sueca-Literat Azorín	Sección 1	Rubén Arcos Martí	22.000,00 €	València
323	Suïssa-L'Alquería del Favero	Sección 19	Paco y David	2.200,00 €	València
131	Tomasos-Carles Cervera	Sección 8	Enrique Nuñez Nuñez	6.000,00 €	València
227	Tres Camins-Pinedo	Sección 14	Jaume Chornet Roig	4.000,00 €	València
157	Tres Forques-Conca-Pérez Galdós	Sección 9	Víctor Navarro Granero	5.500,00 €	València
123	Tribunal de les Aigües	Sección 7	Sergio Rodríguez Pons	6.500,00 €	València
211	Trinitat-Alboraia	Sección 13	Marisa Falcó y Paco Pellicer	4.000,00 €	València
333	Universitat Vella-Plaça Patriarca	Sección 20	Fet d´encàrrec	2.200,00 €	València
102	València-Teodor Llorente	Sección 6	Rubén Canet Burillo	7.000,00 €	València
245	Veneçuela-Agustí Sales	Sección 15	Francisco José Sierra Alarcón	3.500,00 €	València
31	Vicent Sancho Tello-Xile	Sección 2	Ángel Navarro Requena	14.000,00 €	València
271	Vidal de Canyelles-Sánchez Coello	Sección 16	Víctor Caballero Gutiérrez	3.000,00 €	València
360	Vilanova de Castelló-Horticultor Galán	Sección 22	La Comissió	1.000,00 €	València
164	Visitació-Oriola	Sección 10	Antonio Nicolás Ramos Asensi	5.500,00 €	València
281	Vivons-Romeu de Corbera	Sección 17	Víctor Caballero Gutiérrez	3.000,00 €	València
88	Xiva-Francisco de Llano	Sección 5	Carmen Ibáñez Luna	8.000,00 €	València
